BK14,12-06-1995,12-06-2020,2,SVRO-3333
BK10,12-06-1995,12-06-2020,22,SVVL-7532
BK23,12-06-1995,12-06-2020,32,SVRO-3333
BK17,12-06-1995,12-06-2022,2,SVRO-3333
BK55,12-06-1995,12-08-2020,2,SVRO-3333
BK00,12-06-1995,12-06-2020,2,SVRO-3333
BK44,12-06-1995,12-06-2022,22,SVRO-9999
BK15,12-06-1995,12-03-2022,32,SVRO-3333
BK12,12-06-1995,12-06-2022,32,SVRO-3333
BK12,12-06-1995,15-06-1995,32,SVRO-3333
BK99,12-06-1995,12-06-2021,32,SVRO-3333
BK11,12-05-2020,12-08-2022,2,SVRO-3333
BK23,12-06-1995,15-08-1996,2,SVRO-3333
BK85,12-06-1995,12-06-2000,2,SVVL-7532
BK99,12-03-1995,12-06-2020,2,SVVL-7532
BK12,12-06-1995,15-06-2020,2,SVVL-7532
BK11,12-06-1995,12-06-2020,2,SVVL-7532
BK02,12-06-1995,12-06-2020,2,SVVL-7532
BK12,12-06-1995,12-06-2020,2,SVVL-7532
